,City,Lat,Lng,Max Temp,Humidity,Cloudiness,Wind Speed,Country,Date
0,mega,4.05,38.3,290.67,81,91,5.09,ET,1697729555
1,anadyr,64.75,177.4833,262.43,85,0,4.0,RU,1697729556
2,qaqortoq,60.7167,-46.0333,272.15,44,0,0.82,GL,1697729556
3,ushuaia,-54.8,-68.3,282.96,60,20,8.05,AR,1697729267
4,port douglas,-16.4833,145.4667,295.98,77,52,4.35,AU,1697729558
5,jerome,42.7241,-114.5186,288.39,71,0,5.14,US,1697729559
6,puerto natales,-51.7236,-72.4875,288.4,38,20,9.26,CL,1697729477
7,grytviken,-54.2811,-36.5092,279.84,72,5,5.14,GS,1697729560
8,blackmans bay,-43.0167,147.3167,283.44,91,70,1.43,AU,1697729561
9,nagqu,31.5,92.0,270.17,82,100,1.3,CN,1697729561
10,adamstown,-25.066,-130.1015,295.07,87,20,4.78,PN,1697729562
11,wailua homesteads,22.0669,-159.378,297.59,85,100,4.12,US,1697729562
12,holualoa,19.6228,-155.9522,295.85,74,0,3.09,US,1697729563
13,chibougamau,49.9168,-74.3659,281.94,81,100,6.69,CA,1697729563
14,yeppoon,-23.1333,150.7333,293.03,65,71,5.15,AU,1697729563
15,bilibino,68.0546,166.4372,248.68,99,39,1.79,RU,1697729348
16,port-aux-francais,-49.35,70.2167,274.74,71,61,7.21,TF,1697729564
17,douglas,41.3,-96.167,286.96,83,40,3.6,US,1697729520
18,invercargill,-46.4,168.35,283.72,93,94,6.71,NZ,1697729455
19,newman,37.3138,-121.0208,289.34,48,0,1.13,US,1697729566
20,saipan,15.1355,145.701,300.54,89,40,4.63,MP,1697729459
21,pinheiro machado,-31.5783,-53.3811,292.07,67,0,6.13,BR,1697729567
22,kodinsk,58.6881,99.1844,278.95,95,97,2.01,RU,1697729477
23,kasongo,-4.45,26.6667,295.83,91,82,1.76,CD,1697729568
24,lompoc,34.6391,-120.4579,290.23,94,100,2.57,US,1697729570
25,papatowai,-46.5619,169.4708,284.24,80,100,6.79,NZ,1697729572
26,vilyuchinsk,52.9306,158.4028,280.33,81,28,0.17,RU,1697729572
27,udachny,66.4167,112.4,261.3,96,51,2.77,RU,1697729573
28,tsiombe,-25.3,45.4833,297.35,71,46,5.4,MG,1697729574
29,conceicao do coite,-11.5639,-39.2828,306.22,27,97,2.61,BR,1697729574
30,labytnangi,66.6572,66.4183,273.85,99,100,2.63,RU,1697729473
31,edinburgh of the seven seas,-37.0676,-12.3116,287.25,93,100,11.63,SH,1697729575
32,punta arenas,-53.15,-70.9167,285.21,50,40,10.29,CL,1697729576
33,ilulissat,69.2167,-51.1,267.16,73,75,3.09,GL,1697729576
34,stanley,54.868,-1.6985,288.55,94,100,2.57,GB,1697729342
35,tanout,14.9709,8.8879,308.16,8,58,5.12,NE,1697729577
36,axim,4.8699,-2.2405,301.04,74,65,3.99,GH,1697729578
37,ilfracombe,51.2093,-4.1134,290.68,92,96,2.24,GB,1697729578
38,dudinka,69.4058,86.1778,279.61,99,100,7.6,RU,1697729578
39,cova figueira,14.8905,-24.2934,298.63,76,84,5.1,CV,1697729579
40,port elizabeth,-33.918,25.5701,294.31,87,20,7.72,ZA,1697729580
41,barguzin,53.6167,109.6167,274.59,77,42,2.68,RU,1697729580
42,port lincoln,-34.7333,135.8667,289.63,55,2,4.08,AU,1697729581
43,bethel,41.3712,-73.414,290.68,67,20,4.12,US,1697729582
44,yellowknife,62.456,-114.3525,280.6,100,100,3.09,CA,1697729221
45,bardai,11.65,7.2333,306.4,25,37,1.54,NG,1697729584
46,naze,28.3667,129.4833,291.66,72,5,1.15,JP,1697729585
47,olyokminsk,60.3736,120.4264,270.92,77,8,4.47,RU,1697729586
48,college,64.8569,-147.8028,271.12,92,100,7.2,US,1697729586
49,ribeira grande,38.5167,-28.7,294.37,52,40,6.69,PT,1697729587
50,burang,30.25,81.1667,272.46,76,85,2.31,CN,1697729588
51,jijiga,9.35,42.8,294.3,66,98,3.8,ET,1697729588
52,hammerfest,70.6634,23.6821,274.4,64,75,5.66,NO,1697729589
53,luderitz,-26.6481,15.1594,290.72,77,19,3.7,NA,1697729589
54,petite riviere,-20.1894,57.4453,298.55,83,34,4.25,MU,1697729590
55,cabo san lucas,22.8909,-109.9124,303.01,76,100,2.68,MX,1697729591
56,labuan,5.2767,115.2417,298.35,94,40,1.03,MY,1697729591
57,porto barra do ivinheima,-22.9667,-53.6667,307.59,38,7,3.07,BR,1697729592
58,carnarvon,-24.8667,113.6333,295.27,68,0,9.99,AU,1697729593
59,yuzhno-kurilsk,44.0306,145.8556,287.25,58,100,2.39,RU,1697729593
60,laguna de perlas,12.3429,-83.6712,298.2,90,100,2.94,NI,1697729595
61,cockburn town,21.4612,-71.1419,302.28,74,12,6.59,TC,1697729596
62,sisimiut,66.9395,-53.6735,268.62,78,100,4.8,GL,1697729596
63,yuzhne,46.6221,31.1013,288.83,71,70,11.2,UA,1697729598
64,kerikeri,-35.2268,173.9474,289.77,94,100,4.17,NZ,1697729599
65,st. john's,47.5649,-52.7093,286.64,69,40,7.72,CA,1697729382
66,bokovskaya,49.229,41.8306,283.63,51,65,3.51,RU,1697729602
67,primero de mayo,-32.2552,-58.4228,293.46,35,54,3.95,AR,1697729603
68,jinan,36.6683,116.9972,287.38,18,44,3.99,CN,1697729603
69,hohhot,40.8106,111.6522,276.31,38,0,1.0,CN,1697729604
70,jining,35.405,116.5814,286.96,25,32,2.87,CN,1697729604
71,puerto ayora,-0.7393,-90.3518,302.13,79,78,5.63,EC,1697729605
72,afaahiti,-17.75,-149.2833,296.08,83,69,4.97,PF,1697729605
73,az zulfi,26.2995,44.8154,302.28,13,5,3.16,SA,1697729606
74,vila franca do campo,37.7167,-25.4333,294.2,99,6,7.36,PT,1697729606
75,margaret river,-33.95,115.0667,283.44,74,70,3.93,AU,1697729607
76,mandalgovi,45.7625,106.2708,275.16,43,0,2.17,MN,1697729608
77,east london,-33.0153,27.9116,294.67,78,20,6.69,ZA,1697729410
78,waitangi,-43.9535,-176.5597,285.11,95,91,9.53,NZ,1697729609
79,jutai,-5.1833,-68.9,311.27,35,96,0.46,BR,1697729609
80,enriquillo,17.9,-71.2333,303.97,63,31,4.95,DO,1697729610
81,kodiak,57.79,-152.4072,280.51,76,83,7.4,US,1697729611
82,longyearbyen,78.2186,15.6401,274.06,86,100,15.95,SJ,1697729612
83,fort st. john,56.2499,-120.8529,282.09,57,75,6.69,CA,1697729405
84,avarua,-21.2078,-159.775,295.18,68,75,4.12,CK,1697729469
85,cam pha mines,21.0167,107.3,296.31,92,100,3.54,VN,1697729613
86,antsiranana,-12.2787,49.2917,300.57,57,20,3.09,MG,1697729613
87,fairwood,47.4484,-122.1573,288.14,86,40,4.63,US,1697729614
88,belomorsk,64.5232,34.7668,274.2,67,97,4.14,RU,1697729614
89,jamestown,42.097,-79.2353,287.92,68,0,3.09,US,1697729360
90,tsuruoka,38.7217,139.8217,288.99,82,80,1.91,JP,1697729615
91,fuxin,42.0156,121.6589,280.82,32,3,6.01,CN,1697729616
92,gorele,41.0308,39.0031,287.15,84,68,1.69,TR,1697729616
93,saudarkrokur,65.7461,-19.6394,279.42,82,100,2.88,IS,1697729616
94,tiksi,71.6872,128.8694,260.61,98,73,0.5,RU,1697729617
95,thompson,55.7435,-97.8558,274.24,100,100,1.03,CA,1697729617
96,pisco,-13.7,-76.2167,294.83,83,20,3.09,PE,1697729617
97,konarka,19.9,86.1167,301.37,74,1,4.25,IN,1697729618
98,kavaratti,10.5669,72.642,301.58,67,100,0.62,IN,1697729618
99,linxi,39.7,118.4333,285.88,23,0,4.15,CN,1697729619
100,blackfoot,43.1905,-112.345,279.03,49,6,1.22,US,1697729619
101,canutama,-6.5339,-64.3831,315.1,21,4,1.38,BR,1697729619
102,new norfolk,-42.7826,147.0587,284.1,94,33,0.95,AU,1697729620
103,weno,7.4515,151.8468,301.36,73,19,1.96,FM,1697729620
104,kingston,17.997,-76.7936,306.62,62,20,2.57,JM,1697729451
105,talnakh,69.4865,88.3972,279.38,99,100,4.27,RU,1697729621
106,port-cartier,50.0334,-66.8654,283.01,59,89,5.52,CA,1697729622
107,georgetown,5.4112,100.3354,302.01,85,20,2.57,MY,1697729362
108,sinabang,2.4803,96.3801,299.34,84,99,1.7,ID,1697729623
109,nobres,-14.7203,-56.3275,315.83,12,6,3.71,BR,1697729623
110,baley,51.6,116.6333,269.27,43,13,1.31,RU,1697729624
111,lata,40.1629,-8.3327,290.33,86,75,6.22,PT,1697729625
112,gangapur,26.4833,76.7167,299.08,37,0,2.31,IN,1697729625
113,vorgashor,67.5833,63.95,273.18,99,100,2.26,RU,1697729408
114,nar'yan-mar,67.6713,53.087,274.32,89,100,4.02,RU,1697729626
115,pochep,52.9336,33.4464,277.54,70,100,1.12,RU,1697729627
116,zhangye,38.9342,100.4517,281.33,27,0,1.59,CN,1697729627
117,olinda,-8.0089,-34.8553,301.0,65,75,5.14,BR,1697729628
118,nainwa,25.7667,75.85,298.84,37,1,2.69,IN,1697729628
119,usogorsk,63.4106,48.6872,276.3,87,98,3.24,RU,1697729629
120,manggar,-2.8833,108.2667,298.73,88,100,2.91,ID,1697729630
121,bludenz,47.1497,9.8167,291.37,86,97,2.54,AT,1697729630
122,saryozek,44.3583,77.9753,285.26,45,13,1.0,KZ,1697729631
123,petropavlovsk-kamchatsky,53.0452,158.6483,279.51,88,0,2.24,RU,1697729632
124,bredasdorp,-34.5322,20.0403,291.4,82,100,6.98,ZA,1697729632
125,utrik,11.2278,169.8474,301.28,74,58,5.77,MH,1697729633
126,namibe,-15.1961,12.1522,293.91,68,60,6.17,AO,1697729633
127,kiunga,-6.1219,141.2906,295.97,99,99,1.06,PG,1697729634
128,kill devil hills,36.0307,-75.676,293.16,51,0,1.54,US,1697729635
129,kincardine,56.0667,-3.7167,287.35,95,100,6.57,GB,1697729635
130,acarau,-2.8856,-40.12,304.11,58,60,6.96,BR,1697729636
131,whitehorse,60.7161,-135.0538,280.43,86,100,2.57,CA,1697729452
132,sao jose da coroa grande,-8.8978,-35.1478,300.76,64,63,4.2,BR,1697729637
133,constantia,44.1833,28.65,291.53,69,38,9.57,RO,1697729371
134,demir kapija,41.405,22.2489,289.88,83,29,3.26,MK,1697729638
135,la passe,45.5549,-0.8967,294.28,82,99,9.74,FR,1697729638
136,klyuchi,52.2667,79.1667,281.68,53,92,3.03,RU,1697729638
137,west island,-12.1568,96.8225,299.14,83,40,4.12,CC,1697729639
138,atafu village,-8.5421,-172.5159,301.59,72,74,3.58,TK,1697729639
139,akjoujt,19.6969,-14.4164,313.08,14,0,5.64,MR,1697729640
140,rio de janeiro,-22.9028,-43.2075,297.01,76,100,5.14,BR,1697729474
141,gadzhiyevo,69.2551,33.3362,273.84,73,100,5.54,RU,1697729641
142,masterton,-40.9597,175.6575,283.64,92,8,1.81,NZ,1697729642
143,egilsstadir,65.2653,-14.3948,283.1,62,75,9.26,IS,1697729642
144,porto novo,6.4965,2.6036,304.05,70,49,4.08,BJ,1697729643
145,sokoni,-6.4333,39.55,299.68,83,31,5.51,TZ,1697729644
146,aginskoye,51.1,114.53,272.15,60,9,3.97,RU,1697729645
147,san julian,21.0167,-102.1667,291.85,31,100,2.79,MX,1697729646
148,nova vicosa,-17.8919,-39.3719,297.84,81,98,4.24,BR,1697729647
149,geraldton,-28.7667,114.6,290.38,82,3,3.09,AU,1697729433
150,richards bay,-28.783,32.0377,293.49,79,33,2.73,ZA,1697729649
151,waingapu,-9.6567,120.2641,298.95,68,39,2.54,ID,1697729507
152,yiyang,28.5892,112.3283,288.4,80,100,5.37,CN,1697729651
153,papao,-17.75,-149.55,296.97,76,71,3.54,PF,1697729651
154,fort bragg,35.139,-79.006,294.16,56,0,2.06,US,1697729652
155,algona,43.07,-94.233,284.91,100,0,4.63,US,1697729653
156,kone,-21.0595,164.8658,290.62,80,23,0.88,NC,1697729654
157,okhotsk,59.3833,143.3,272.11,94,100,3.65,RU,1697729654
158,tafuna,-14.3358,-170.72,298.12,83,100,8.23,AS,1697729655
159,albany,42.6001,-73.9662,288.39,79,16,1.34,US,1697729625
160,trincomalee,8.5711,81.2335,298.23,86,100,2.17,LK,1697729657
161,dalnerechensk,45.9339,133.7225,276.6,69,10,1.79,RU,1697729658
162,la crosse,43.8014,-91.2396,285.37,93,100,0.89,US,1697729388
163,'ain benian,36.8028,2.9219,300.18,64,100,0.4,DZ,1697729659
164,rongelap,11.1635,166.8941,301.52,69,26,6.6,MH,1697729661
165,isafjordur,66.0755,-23.124,285.17,54,100,3.09,IS,1697729661
166,comodoro rivadavia,-45.8667,-67.5,295.07,24,0,12.35,AR,1697729375
167,haiku-pauwela,20.9219,-156.3051,297.06,86,0,1.54,US,1697729662
168,barra do garcas,-15.89,-52.2567,313.47,27,20,3.09,BR,1697729663
169,casper,42.8666,-106.3131,288.55,47,0,7.2,US,1697729651
170,horta,38.5333,-28.6333,293.95,62,40,6.69,PT,1697729663
171,benguela,-12.5763,13.4055,297.31,72,72,4.51,AO,1697729664
172,kapa'a,22.0752,-159.319,298.33,83,100,4.12,US,1697729664
173,lichuan,30.3,108.85,282.94,94,100,1.56,CN,1697729665
174,chubbuck,42.9208,-112.4661,279.09,81,20,0.0,US,1697729665
175,creel,27.75,-107.6333,292.5,29,38,7.35,MX,1697729666
176,ancud,-41.8697,-73.8203,284.11,79,100,1.69,CL,1697729666
177,kapuskasing,49.4169,-82.4331,282.2,100,100,2.57,CA,1697729402
178,khandyga,62.6667,135.6,261.76,99,100,0.5,RU,1697729667
179,badger,64.8,-147.5333,271.08,91,75,7.2,US,1697729658
180,watampone,-4.5386,120.3279,298.26,81,22,2.71,ID,1697729669
181,lazaro cardenas,17.9583,-102.2,297.6,87,100,3.63,MX,1697729467
182,merizo village,13.2658,144.6691,300.46,95,42,5.52,GU,1697729670
183,hawaiian paradise park,19.5933,-154.9731,294.84,81,0,3.09,US,1697729671
184,ordynskoye,54.3656,81.8994,281.17,61,70,3.94,RU,1697729672
185,soure,-0.7167,-48.5233,303.96,62,90,5.92,BR,1697729673
186,iskateley,67.6803,53.1512,274.27,89,100,4.02,RU,1697729674
187,mil'kovo,55.6078,37.7956,279.45,94,99,1.26,RU,1697729674
188,oranjemund,-28.55,16.4333,291.17,81,30,3.67,NA,1697729675
189,quincy,42.2529,-71.0023,292.04,67,40,4.63,US,1697729431
190,isangel,-19.55,169.2667,294.48,81,99,3.93,VU,1697729677
191,bubaque,11.2833,-15.8333,302.14,73,19,2.3,GW,1697729678
192,alice springs,-23.7,133.8833,288.9,18,0,0.0,AU,1697729486
193,tonj,7.2737,28.6822,296.19,93,100,2.72,SS,1697729680
194,nouadhibou,20.931,-17.0347,299.14,69,2,9.26,MR,1697729681
195,bhamo,24.2667,97.2333,295.44,76,1,0.54,MM,1697729682
196,empalme,27.9667,-110.8167,301.99,83,0,0.0,MX,1697729682
197,quelimane,-17.8786,36.8883,300.12,69,20,4.12,MZ,1697729683
198,hamilton,39.1834,-84.5333,289.78,71,0,4.63,US,1697729582
199,lodja,-3.4833,23.4333,298.73,75,97,0.54,CD,1697729684
200,camocim,-2.9022,-40.8411,305.34,55,22,7.16,BR,1697729685
201,stellenbosch,-33.9346,18.8668,298.49,53,100,1.84,ZA,1697729686
202,santa vitoria do palmar,-33.5189,-53.3681,291.86,53,5,6.07,BR,1697729686
203,dawson creek,55.7666,-120.2362,284.95,47,0,4.12,CA,1697729687
204,lorengau,-2.0226,147.2712,299.79,78,55,0.73,PG,1697729688
205,villa gesell,-37.2639,-56.973,288.0,69,98,8.28,AR,1697729690
206,mount gambier,-37.8333,140.7667,285.04,63,64,1.78,AU,1697729691
207,guerrero negro,27.9769,-114.0611,297.2,63,1,3.0,MX,1697729692
208,ta`u,-14.2336,-169.5144,299.73,81,100,10.03,AS,1697729692
209,vila velha,-20.3297,-40.2925,299.12,77,75,8.23,BR,1697729693
210,manta,-0.95,-80.7333,300.03,74,100,5.14,EC,1697729598
211,uturoa,-16.7333,-151.4333,299.12,79,7,2.85,PF,1697729694
212,saint-philippe,-21.3585,55.7679,297.92,84,78,3.06,RE,1697729695
213,shantobe,52.4581,68.1839,277.31,48,81,2.53,KZ,1697729696
214,arraial do cabo,-22.9661,-42.0278,296.07,68,100,4.63,BR,1697729697
215,port mathurin,-19.6833,63.4167,297.2,77,5,5.74,MU,1697729698
216,conde,-7.2597,-34.9075,302.85,62,75,5.66,BR,1697729699
217,satana,20.5833,74.2,298.56,57,62,1.57,IN,1697729699
218,gebre guracha,9.8,38.4,289.23,62,99,1.63,ET,1697729700
219,khanu woralaksaburi,16.0617,99.8606,298.67,85,43,0.27,TH,1697729701
220,puerto deseado,-47.7503,-65.8938,291.22,31,90,1.43,AR,1697729702
221,saint-pierre,-21.3393,55.4781,297.97,88,100,3.6,RE,1697729702
222,olonkinbyen,70.9221,-8.7187,277.01,88,100,8.92,SJ,1697729703
223,grand-bassam,5.2118,-3.7388,302.13,73,66,3.6,CI,1697729704
224,smithers,54.7804,-127.1743,280.33,93,100,3.6,CA,1697729413
225,santo tome,-31.6627,-60.7653,297.77,48,0,0.89,AR,1697729705
226,khirkiyan,22.1667,76.85,298.43,57,14,1.81,IN,1697729706
227,sitka,57.0531,-135.33,284.09,82,100,3.6,US,1697729707
228,lincoln city,44.9582,-124.0179,291.17,96,1,0.66,US,1697729597
229,liwale,-9.7667,37.9333,303.16,42,47,5.44,TZ,1697729708
230,rio grande,-32.035,-52.0986,295.21,64,0,8.16,BR,1697729710
231,vanimo,-2.6741,141.3028,298.72,86,77,0.88,PG,1697729711
232,andergrove,-21.0833,149.1833,292.4,76,18,3.27,AU,1697729712
233,aras-asan,8.8908,126.3033,299.15,85,59,1.72,PH,1697729713
234,lihue,21.9789,-159.3672,297.92,81,100,4.12,US,1697729714
235,susuman,62.7833,148.1667,258.7,83,100,0.45,RU,1697729715
236,la gi,10.6667,107.7833,300.2,83,100,0.62,VN,1697729716
237,flying fish cove,-10.4217,105.6791,298.97,88,75,4.12,CX,1697729716
238,monywa,22.1167,95.1333,299.06,75,6,0.07,MM,1697729718
239,zhongxing,33.7039,118.6792,286.94,74,100,1.42,CN,1697729719
240,mednogorsk,51.4128,57.595,278.74,42,100,1.81,RU,1697729720
241,baruun-urt,46.6806,113.2792,272.01,44,8,3.46,MN,1697729721
242,iqaluit,63.7506,-68.5145,272.0,92,100,8.75,CA,1697729722
243,baiyin,36.5583,104.2081,281.13,52,0,1.17,CN,1697729723
244,lebu,-37.6167,-73.65,287.19,74,98,6.07,CL,1697729485
245,ola,59.5833,151.2833,271.16,56,65,10.39,RU,1697729724
246,portland,45.5234,-122.6762,285.49,94,100,1.54,US,1697729435
247,gdansk,54.3521,18.6464,282.04,69,75,4.63,PL,1697729726
248,saint-georges,12.0564,-61.7485,303.97,74,40,5.14,GD,1697729727
249,flin flon,54.7682,-101.865,280.06,93,100,4.63,CA,1697729728
250,kloulklubed,7.0419,134.2556,298.43,73,19,1.46,PW,1697729729
251,izberbash,42.5696,47.8645,286.18,76,100,6.75,RU,1697729730
252,changsha,28.2,112.9667,289.24,73,100,6.96,CN,1697729731
253,guiuan,11.0333,125.7247,301.6,74,18,1.66,PH,1697729731
254,pechora,65.1472,57.2244,274.74,97,100,3.58,RU,1697729732
255,manokwari,-0.8667,134.0833,298.51,84,43,2.27,ID,1697729734
256,al jawf,29.5,38.75,296.82,29,82,3.96,SA,1697729735
257,lethem,3.3803,-59.7968,307.18,55,40,4.12,GY,1697729736
258,cururupu,-1.8283,-44.8683,306.64,47,13,3.62,BR,1697729736
259,tual,-5.6667,132.75,300.09,84,83,7.2,ID,1697729738
260,sagua la grande,22.8067,-80.0756,299.7,69,98,6.35,CU,1697729739
261,kharp,66.8014,65.8081,273.61,99,100,1.29,RU,1697729739
262,dedovichi,57.5517,29.9502,275.0,99,100,2.63,RU,1697729740
263,hilo,19.7297,-155.09,299.42,77,0,3.09,US,1697729741
264,aasiaat,68.7098,-52.8699,263.79,79,100,1.46,GL,1697729742
265,labrador city,52.9463,-66.9114,279.1,75,100,6.69,CA,1697729658
266,primero de enero,21.9469,-78.4283,301.79,74,97,5.05,CU,1697729743
267,parauapebas,-6.0675,-49.9022,304.14,65,40,1.54,BR,1697729467
268,laguna,38.421,-121.4238,298.75,86,0,0.0,US,1697729744
269,suntar,62.1444,117.6319,263.22,94,38,0.45,RU,1697729745
270,cole harbour,44.6724,-63.4751,287.57,83,100,4.12,CA,1697729746
271,margate,51.3813,1.3862,291.98,82,99,1.79,GB,1697729746
272,kandahar,31.0,65.75,294.01,20,0,2.88,AF,1697729747
273,huaiyuan chengguanzhen,32.9589,117.1657,287.53,73,100,1.1,CN,1697729748
274,aconibe,1.2968,10.9369,295.53,94,100,1.02,GQ,1697729749
275,crane,31.3974,-102.3501,294.27,31,0,1.25,US,1697729751
276,kindu,-2.95,25.95,297.42,80,99,0.97,CD,1697729752
277,gornyye klyuchi,45.25,133.5,275.79,66,6,1.48,RU,1697729753
278,palikir - national government center,6.9248,158.1611,298.56,94,75,1.54,FM,1697729578
279,keflavik,64.0049,-22.5624,285.1,87,75,18.52,IS,1697729755
280,kitimat,54.0524,-128.6534,282.42,63,100,0.55,CA,1697729756
281,opuwo,-18.0607,13.84,307.11,7,8,6.92,NA,1697729758
282,riberalta,-10.9833,-66.1,307.26,52,6,2.57,BO,1697729759
283,danilov,58.1908,40.1717,275.97,70,100,2.54,RU,1697729760
284,sinop,41.7711,34.8709,285.39,84,9,2.98,TR,1697729761
285,aioun,16.6614,-9.6149,313.51,12,80,4.26,MR,1697729762
286,igra,57.5558,53.0547,275.97,88,95,2.43,RU,1697729763
287,lerwick,60.1545,-1.1494,282.15,75,58,17.23,GB,1697729764
288,ulsteinvik,62.3432,5.8487,280.97,54,0,3.13,NO,1697729766
289,alofi,-19.0595,-169.9187,295.09,78,41,5.14,NU,1697729766
290,ulladulla,-35.35,150.4667,281.91,87,1,1.7,AU,1697729768
291,skelleftea,64.7507,20.9528,272.59,87,40,2.06,SE,1697729768
292,tura,25.5198,90.2201,293.26,88,0,1.46,IN,1697729770
293,huarmey,-10.0681,-78.1522,295.65,76,86,5.05,PE,1697729771
294,arkhangel'sk,64.5401,40.5433,277.11,78,93,2.94,RU,1697729771
295,sakaiminato,35.55,133.2333,290.14,88,75,1.54,JP,1697729772
296,bikenibeu village,1.3673,173.1241,298.13,94,100,3.6,KI,1697729773
297,phan rang-thap cham,11.5667,108.9833,297.92,93,66,1.49,VN,1697729774
298,north bay,46.3168,-79.4663,287.1,79,100,4.63,CA,1697729698
299,mukher,18.7,77.3667,298.69,63,63,2.23,IN,1697729776
300,hithadhoo,-0.6,73.0833,300.81,77,100,5.6,MV,1697729776
301,filipstad,59.7124,14.1683,274.12,73,34,5.06,SE,1697729777
302,santanyi,39.3546,3.1291,297.81,76,87,11.54,ES,1697729778
303,mossel bay,-34.1831,22.146,294.11,85,61,7.32,ZA,1697729778
304,enewetak,11.3474,162.3373,301.66,77,87,7.63,MH,1697729779
305,moab,38.5733,-109.5498,296.75,25,2,0.75,US,1697729779
306,san clemente del tuyu,-36.3569,-56.7235,289.81,72,100,7.33,AR,1697729780
307,barcelona,41.3888,2.159,296.96,73,40,9.77,ES,1697729553
308,ketchikan,55.3422,-131.6461,284.41,93,100,4.63,US,1697729782
309,khandud,36.9513,72.318,276.43,53,2,0.91,AF,1697729782
310,gizo,-8.103,156.8419,300.44,78,98,0.72,SB,1697729783
311,victorica,-36.2151,-65.4359,292.89,38,2,3.4,AR,1697729784
312,cofradia,15.4,-88.15,296.64,96,100,0.4,HN,1697729784
313,kamina,-8.7386,24.9906,295.14,76,75,3.02,CD,1697729784
314,port macquarie,-31.4333,152.9167,288.09,82,89,1.62,AU,1697729785
315,figuig (centre),32.1089,-1.2286,303.81,15,88,11.46,MA,1697729785
316,ixtapa,20.7,-105.2,299.94,88,100,1.03,MX,1697729785
317,santa marinella,42.0345,11.8536,299.0,89,42,7.19,IT,1697729786
318,masina,-4.3836,15.3914,299.41,80,100,1.36,CD,1697729787
319,tolanaro,-25.0319,46.9987,297.19,88,75,0.0,MG,1697729787
320,edson,53.5835,-116.4356,275.23,86,0,3.09,CA,1697729788
321,northeim,51.7,10.0,289.66,95,99,1.46,DE,1697729789
322,karaton,-6.3424,106.1045,298.01,82,90,1.17,ID,1697729789
323,bodo,67.28,14.405,274.69,58,0,5.66,NO,1697729790
324,kristiansund,63.1115,7.732,279.18,33,0,4.63,NO,1697729790
325,troitskoye,52.9821,84.6757,282.56,62,25,2.63,RU,1697729790
326,sassnitz,54.5167,13.65,282.48,74,100,14.29,DE,1697729791
327,magadan,59.5667,150.8,270.83,75,87,4.92,RU,1697729792
328,hovd,48.0056,91.6419,277.96,46,0,0.29,MN,1697729792
329,san andres,12.5847,-81.7006,305.16,66,20,7.2,CO,1697729792
330,fale old settlement,-9.3852,-171.2468,301.25,71,80,1.93,TK,1697729793
331,tofol,5.3248,163.0078,300.7,78,100,4.05,FM,1697729794
332,greenland,43.0362,-70.8328,291.52,72,20,2.06,US,1697729795
333,buta,2.7858,24.73,296.23,93,100,0.74,CD,1697729796
334,kelso,46.1468,-122.9084,286.54,93,100,1.79,US,1697729796
335,culaba,11.6578,124.5425,300.28,85,56,2.99,PH,1697729797
336,vadso,70.0744,29.7487,273.64,74,75,6.17,NO,1697729797
337,urangan,-25.3,152.9,292.72,75,1,4.73,AU,1697729798
338,nehe,48.4833,124.8333,274.33,39,7,2.68,CN,1697729798
339,cucujaes,40.8741,-8.5069,291.96,68,75,4.63,PT,1697729799
340,hadibu,12.65,54.0333,301.29,76,79,2.98,YE,1697729800
341,ust-nera,64.5667,143.2,257.16,94,97,0.45,RU,1697729801
342,onguday,50.75,86.15,280.31,56,4,1.44,RU,1697729801
343,walvis bay,-22.9575,14.5053,293.68,60,0,6.17,NA,1697729802
344,hono,57.6897,11.6497,277.68,72,87,11.93,SE,1697729803
345,ouadda,8.0777,22.4007,295.07,91,99,0.94,CF,1697729804
346,bangassou,4.7413,22.8184,295.12,96,100,1.64,CF,1697729805
347,santana,-0.0583,-51.1817,307.25,59,20,5.66,BR,1697729805
348,hermanus,-34.4187,19.2345,293.68,72,100,6.66,ZA,1697729784
349,namtsy,62.7161,129.6658,265.95,86,89,3.37,RU,1697729807
350,irbit,57.6705,63.071,278.92,58,69,5.49,RU,1697729808
351,oued el abtal,35.456,0.6878,303.52,24,100,5.39,DZ,1697729808
352,al bawiti,28.3492,28.8659,298.66,26,0,3.28,EG,1697729809
353,nilsia,63.2,28.0833,274.33,85,32,2.64,FI,1697729810
354,la'ie,21.6477,-157.9253,299.13,74,16,0.45,US,1697729811
355,tan-tan,28.438,-11.1032,299.12,61,40,6.17,MA,1697729812
356,fort mcmurray,56.7268,-111.381,282.92,71,100,5.14,CA,1697729813
357,qorveh,35.1664,47.8045,288.24,38,95,3.68,IR,1697729813
358,djibouti,11.5,42.5,299.36,62,16,6.08,DJ,1697729814
359,recreo,-29.2818,-65.061,297.69,40,42,0.55,AR,1697729815
360,orcopampa,-15.2661,-72.3417,285.27,65,85,3.34,PE,1697729815
361,villard-bonnot,45.24,5.8902,295.08,73,100,2.81,FR,1697729816
362,kovdor,67.5662,30.4758,265.66,98,94,1.59,RU,1697729816
363,la ronge,55.1001,-105.2842,281.29,81,20,3.6,CA,1697729817
364,umba,66.6871,34.3429,273.93,86,71,4.47,RU,1697729818
365,chonchi,-42.6128,-73.8092,288.22,74,100,0.41,CL,1697729818
366,hasaki,35.7333,140.8333,291.37,69,76,6.37,JP,1697729819
367,golyshmanovo,56.3979,68.3728,278.16,61,7,6.2,RU,1697729819
368,rabo de peixe,37.8,-25.5833,294.25,99,40,7.72,PT,1697729820
369,happy valley-goose bay,53.3168,-60.3315,284.32,58,40,6.17,CA,1697729820
370,aljezur,37.3191,-8.8033,293.11,83,100,8.95,PT,1697729821
371,esmeraldas,-19.7625,-44.3139,301.73,34,37,2.3,BR,1697729800
372,taoudenni,22.6783,-3.9836,313.13,8,0,1.62,ML,1697729823
373,kirensk,57.7853,108.1119,277.05,67,100,4.47,RU,1697729824
374,ilebo,-4.3167,20.5833,298.64,80,98,1.1,CD,1697729824
375,kayangel,8.0823,134.7173,301.78,71,21,1.8,PW,1697729825
376,kununurra,-15.7667,128.7333,294.14,56,0,1.54,AU,1697729826
377,island harbour,50.724,-1.2758,291.01,91,86,4.47,GB,1697729827
378,nishinoomote,30.7333,131.0,295.48,62,1,5.12,JP,1697729829
379,bargaal,11.2864,51.0773,300.72,76,31,2.35,SO,1697729830
380,tottori,35.5,134.2333,290.22,84,34,3.65,JP,1697729831
381,sretensk,52.2453,117.7093,268.57,45,45,0.89,RU,1697729833
382,katsuura,35.1333,140.3,294.3,72,77,5.49,JP,1697729834
383,qui nhon,13.7667,109.2333,298.63,88,61,1.88,VN,1697729836
384,wundanyi,-3.4019,38.364,295.42,52,87,5.84,KE,1697729836
385,forquilha,-3.7983,-40.2606,308.89,32,42,1.56,BR,1697729837
386,al qusayr,34.5091,36.5798,292.96,70,65,3.96,SY,1697729838
387,saldanha,-33.0117,17.9442,303.18,61,46,2.85,ZA,1697729838
388,kotovo,50.3211,44.8012,279.28,69,65,3.94,RU,1697729840
389,salinopolis,-0.6136,-47.3561,303.4,66,78,5.41,BR,1697729841
390,fada,9.5667,8.3,300.1,68,93,2.58,NG,1697729842
391,villa huidobro,-34.8383,-64.5869,296.14,29,15,2.25,AR,1697729843
392,inhambane,-23.865,35.3833,299.14,61,40,5.14,MZ,1697729844
393,bulqize,41.4917,20.2219,292.33,67,97,2.04,AL,1697729845
394,gulf shores,30.246,-87.7008,297.62,64,20,0.45,US,1697729846
395,bakanas,44.8081,76.2772,288.96,34,2,3.9,KZ,1697729847
396,sechura,-5.5569,-80.8222,299.13,61,48,4.75,PE,1697729848
397,tianpeng,30.9866,103.9393,289.41,77,100,5.16,CN,1697729849
398,lampazos de naranjo,27.0167,-100.5167,297.16,49,76,4.92,MX,1697729850
399,quellon,-43.1167,-73.6167,283.92,87,99,2.21,CL,1697729851
400,hobyo,5.3505,48.5268,301.52,76,44,4.11,SO,1697729852
401,qarauyl,48.9451,79.255,282.97,51,23,1.86,KZ,1697729852
402,pamandzi,-12.7967,45.2794,301.03,74,0,4.12,YT,1697729853
403,zheshart,62.0731,49.5733,273.86,92,98,2.16,RU,1697729853
404,stephenville,32.2207,-98.2023,295.85,40,0,5.14,US,1697729854
405,sampit,-2.5333,112.95,297.23,96,100,1.25,ID,1697729855
406,ginir,7.1333,40.7,287.92,95,82,1.65,ET,1697729856
407,gurupi,-11.7292,-49.0686,314.01,11,85,3.21,BR,1697729856
408,schuyler,42.4167,-76.883,289.26,71,64,4.92,US,1697729858
409,ghanzi,-21.5667,21.7833,304.21,13,2,4.92,BW,1697729859
410,beterou,9.1992,2.2586,303.83,65,89,1.16,BJ,1697729859
411,arlington,32.7357,-97.1081,295.64,56,0,5.14,US,1697729641
412,fortuna,40.5982,-124.1573,284.66,93,100,0.0,US,1697729860
413,zahedan,29.4963,60.8629,297.1,27,20,2.06,IR,1697729861
414,bom jesus,-9.0744,-44.3586,313.96,11,95,2.81,BR,1697729862
415,mount evelyn,-37.7833,145.3833,289.35,84,98,1.62,AU,1697729862
416,port alfred,-33.5906,26.891,293.25,89,32,2.24,ZA,1697729863
417,canete,-37.8,-73.4,290.59,56,92,3.31,CL,1697729863
418,laojunmiao,39.8333,97.7333,278.89,33,0,2.19,CN,1697729864
419,wahpeton,46.2652,-96.6059,283.11,100,40,0.0,US,1697729864
420,santa terezinha,-29.9002,-50.0904,291.95,69,75,6.55,BR,1697729865
421,hengchun,22.0042,120.7439,298.62,76,69,3.96,TW,1697729600
422,puerto baquerizo moreno,-0.9,-89.6,299.7,78,75,5.14,EC,1697729866
423,tobelo,1.7284,128.0095,300.03,78,82,1.1,ID,1697729866
424,yigou,35.8114,114.3167,286.96,33,0,2.64,CN,1697729868
425,ma'rib,15.4591,45.3253,300.47,23,0,3.62,YE,1697729868
426,batang,-6.4846,110.7083,300.11,80,20,3.71,ID,1697729869
427,kenai,60.5544,-151.2583,275.18,66,0,1.54,US,1697729870
428,mejit,10.2753,170.8646,301.03,78,82,6.71,MH,1697729870
429,catia la mar,10.6038,-67.0303,309.25,60,40,3.09,VE,1697729871
430,coahuayana de hidalgo,18.7,-103.6583,295.63,95,100,2.61,MX,1697729872
431,laholm,56.5121,13.0437,279.31,74,100,7.93,SE,1697729873
432,tambura,5.6,27.4667,295.37,88,97,1.49,SS,1697729874
433,bandiagara,14.3501,-3.6104,312.38,13,31,6.05,ML,1697729875
434,maloye ganyushkino,46.6,49.2667,283.15,77,100,2.26,KZ,1697729876
435,coronel oviedo,-25.4167,-56.45,309.18,38,88,1.43,PY,1697729877
436,tamanrasset,22.785,5.5228,304.1,12,0,5.14,DZ,1697729879
437,machico,32.7,-16.7667,300.5,83,20,6.69,PT,1697729880
438,corner brook,48.9667,-57.9484,286.65,60,40,5.26,CA,1697729881
439,morden,49.1919,-98.1014,286.06,76,12,2.06,CA,1697729832
440,anahuac,27.2333,-100.15,297.38,53,95,2.93,MX,1697729882
441,las palmas,28.4204,-14.0131,299.59,51,20,5.66,ES,1697729883
442,kirovskiy,45.0917,133.5136,276.3,65,7,1.85,RU,1697729884
443,kotzting,49.1769,12.8556,288.54,90,98,0.89,DE,1697729885
444,nova sintra,14.8667,-24.7167,297.98,73,85,3.54,CV,1697729886
445,broome,42.2506,-75.833,287.51,76,0,5.14,US,1697729887
446,adam,22.3756,57.5233,304.74,32,82,1.62,OM,1697729889
447,goroka,-6.0834,145.3873,289.18,98,91,1.13,PG,1697729890
448,saguenay,48.4168,-71.0657,286.6,66,75,3.6,CA,1697729709
449,cidreira,-30.1811,-50.2056,291.78,68,41,7.06,BR,1697729891
450,zarasai,55.7333,26.25,275.0,81,100,1.3,LT,1697729892
451,baghdad,33.3406,44.4009,304.1,33,40,4.63,IQ,1697729839
452,sao joao da barra,-21.6403,-41.0511,299.2,71,95,6.88,BR,1697729774
453,lakatoro,-16.0999,167.4164,298.18,85,100,0.91,VU,1697729895
454,kimbe,-5.5502,150.1429,297.44,93,93,1.41,PG,1697729895
455,praia da vitoria,38.7333,-27.0667,294.13,64,40,9.09,PT,1697729896
456,novyy urgal,51.0736,132.5642,273.14,84,99,1.92,RU,1697729897
457,deschutes river woods,43.9915,-121.3584,293.53,59,0,7.2,US,1697729830
458,buka,40.8108,69.1986,292.04,41,54,2.68,UZ,1697729899
459,san fernando,15.0286,120.6898,300.0,96,100,1.96,PH,1697729900
460,entebbe,0.0644,32.4469,298.33,69,20,5.14,UG,1697729901
461,utete,-7.986,38.758,299.93,73,66,5.5,TZ,1697729903
462,santo antonio,-6.3106,-35.4789,303.01,51,82,6.42,BR,1697729905
463,calangute,15.5439,73.7553,302.15,79,55,1.46,IN,1697729906
464,kampene,-3.6,26.6667,294.95,97,100,0.36,CD,1697729906
465,al hazm,16.1641,44.7769,301.06,19,1,3.02,YE,1697729907
466,ust'-charyshskaya pristan',52.3934,83.6635,282.58,59,19,3.26,RU,1697729908
467,nemuro,43.3236,145.575,287.18,92,100,3.77,JP,1697729909
468,tha yang,12.9577,99.9055,302.03,85,68,2.13,TH,1697729909
469,yonggwang-up,40.0183,127.4547,283.74,50,100,3.02,KP,1697729911
470,priozersk,61.0393,30.1291,276.48,87,99,6.31,RU,1697729912
471,nuku'alofa,-21.1333,-175.2,295.34,83,20,6.69,TO,1697729912
472,as sulayyil,20.4607,45.5779,306.29,15,0,4.87,SA,1697729913
473,mermoz boabab,14.7065,-17.4758,306.46,74,0,4.12,SN,1697729914
474,palmer,42.1584,-72.3287,290.51,68,75,2.68,US,1697729914
475,castillos,-34.1667,-53.8333,291.21,54,14,5.29,UY,1697729915
476,taro,-8.3862,115.28,295.15,90,53,0.14,ID,1697729916
477,patterson,37.4716,-121.1297,298.28,48,0,1.27,US,1697729917
478,bonga,7.2833,36.2333,289.87,98,100,0.57,ET,1697729918
479,tommot,58.9564,126.2925,264.04,98,98,1.18,RU,1697729919
480,kirakira,-10.4544,161.9205,299.05,86,100,2.77,SB,1697729921
481,suoyarvi,62.0833,32.35,272.49,89,84,4.05,RU,1697729922
482,iguaba grande,-22.8392,-42.2289,296.11,68,100,4.63,BR,1697729923
483,sparti,37.0733,22.4297,295.34,83,15,1.33,GR,1697729924
484,gummi,12.1436,5.1081,311.55,12,96,3.08,NG,1697729925
485,chui,-33.6971,-53.4616,291.53,55,7,6.03,UY,1697729925
486,qamdo,31.1667,97.2333,272.38,58,7,0.58,CN,1697729926
487,codrington,-38.2667,141.9667,285.13,67,70,2.22,AU,1697729926
488,mtwara,-10.2667,40.1833,298.93,82,89,4.28,TZ,1697729927
489,male,4.1748,73.5089,300.12,83,75,4.12,MV,1697729928
490,hondo,32.45,130.2,293.48,74,7,3.84,JP,1697729929
491,plettenberg bay,-34.0527,23.3716,291.92,84,34,6.22,ZA,1697729930
492,tralee,52.2704,-9.7026,291.29,72,40,2.57,IE,1697729930
493,quirinopolis,-18.4483,-50.4517,311.53,20,25,2.0,BR,1697729906
494,alaghsas,17.0187,8.0168,310.09,9,0,9.77,NE,1697729933
495,selfoss,63.9331,-20.9971,284.84,79,100,14.15,IS,1697729933
496,itamaraca,-7.7478,-34.8256,301.18,63,81,4.37,BR,1697729934
497,rakops,-21.0167,24.3333,303.87,12,2,4.48,BW,1697729935
498,tamiyah,29.4764,30.9612,300.35,31,0,3.02,EG,1697729936
499,mili,6.0815,171.735,301.5,72,100,3.75,MH,1697729937
500,prince rupert,54.3161,-130.3201,284.2,97,100,6.17,CA,1697729937
501,mezhdurechenskiy,59.6,65.9333,278.32,65,48,6.71,RU,1697729938
502,stettler,52.3168,-112.7186,282.01,66,13,4.12,CA,1697729939
503,belaya kholunitsa,58.84,50.8528,274.42,87,100,1.76,RU,1697729941
504,dryden,49.7833,-92.7503,279.31,100,100,2.06,CA,1697729942
505,gaspe,48.8334,-64.4819,287.27,51,75,4.63,CA,1697729699
506,palmas,-10.2128,-48.3603,308.08,41,20,5.14,BR,1697729943
507,al kharijah,25.4514,30.5464,299.34,26,41,3.9,EG,1697729944
508,leczna,51.3012,22.8814,282.65,87,75,2.57,PL,1697729945
509,banjar,-8.19,114.9675,297.83,88,29,1.71,ID,1697729946
510,balikpapan,-1.2675,116.8289,301.7,79,20,2.06,ID,1697729946
511,colonia,50.9333,6.95,290.79,90,0,2.57,DE,1697729740
512,tefe,-3.3542,-64.7114,303.21,74,0,1.03,BR,1697729948
513,ravar,31.2656,56.8055,298.04,16,62,1.46,IR,1697729949
514,paradip garh,20.3167,86.6167,300.0,73,0,3.39,IN,1697729950
515,selkirk,50.1436,-96.8845,284.3,68,83,0.19,CA,1697729951
516,ometepec,16.6833,-98.4167,301.17,68,96,0.2,MX,1697729952
517,port said,31.2565,32.2841,299.14,65,20,4.63,EG,1697729954
518,sambava,-14.2667,50.1667,297.5,86,45,1.41,MG,1697729956
519,san antonio de pale,-1.4014,5.6325,298.73,85,98,7.24,GQ,1697729956
520,remire-montjoly,4.9167,-52.2667,304.17,66,75,6.69,GF,1697729957
521,nuuk,64.1835,-51.7216,270.49,68,75,9.77,GL,1697729958
522,pariaman,-0.619,100.12,299.18,91,100,1.4,ID,1697729958
523,adrar,20.5022,-10.0711,310.96,12,5,3.1,MR,1697729959
524,carira,-10.3608,-37.7011,306.83,24,73,4.15,BR,1697729960
525,aitape,-3.1374,142.3475,298.61,86,74,1.36,PG,1697729961
526,mehran,33.1222,46.1646,301.48,29,0,3.19,IR,1697729963
527,rosario do sul,-30.2583,-54.9142,294.27,75,50,6.16,BR,1697729963
528,medicine hat,50.0501,-110.6683,287.44,65,20,1.03,CA,1697729947
529,keren,15.7778,38.4581,298.78,51,51,2.9,ER,1697729965
530,higuera de zaragoza,25.95,-109.2833,300.11,49,16,1.05,MX,1697729966
531,callaway,30.153,-85.5699,297.54,62,1,1.79,US,1697729930
532,daltonganj,24.0333,84.0667,296.28,68,41,1.26,IN,1697729968
533,nakamura,32.9833,132.9333,289.82,90,7,1.02,JP,1697729968
534,tadmur,34.5608,38.2805,296.26,39,8,0.17,SY,1697729969
535,porto velho,-8.7619,-63.9039,307.18,52,0,2.06,BR,1697729773
536,yokadouma,3.5167,15.05,296.37,93,93,1.88,CM,1697729970
537,amursk,50.2261,136.8994,275.92,75,47,5.7,RU,1697729970
538,sola,-13.8833,167.55,298.71,83,100,2.79,VU,1697729971
539,mata-utu,-13.2816,-176.1745,299.78,81,71,7.82,WF,1697729972
540,nadym,65.5333,72.5167,274.38,97,100,8.84,RU,1697729973
541,rong'an,26.1247,119.1214,296.02,95,99,0.54,CN,1697729975
542,san pedro pochutla,15.7333,-96.4667,300.99,59,69,1.46,MX,1697729976
543,reggane,26.7158,0.1714,310.81,11,3,4.7,DZ,1697729976
544,bristol,41.8334,-71.1662,291.38,71,40,3.6,US,1697729978
545,massawa,15.6097,39.45,304.58,60,8,2.95,ER,1697729978
546,kendari,-3.945,122.4989,296.57,88,38,0.12,ID,1697729979
547,kailua-kona,19.6406,-155.9956,297.92,79,0,3.09,US,1697729981
548,arfoud,31.4348,-4.2375,305.66,10,67,11.53,MA,1697729983
549,taroudant,30.4703,-8.877,300.28,36,48,9.04,MA,1697729984
550,butte,39.6499,-121.5677,299.81,61,0,0.0,US,1697729981
551,gwadar,25.1216,62.3254,300.09,78,6,4.51,PK,1697729985
552,incline village,39.2513,-119.973,292.02,71,0,0.0,US,1697729986
553,nakambala,-15.8324,27.7799,300.3,42,39,5.75,ZM,1697729987
554,raduzhnyy,62.0961,77.475,277.12,74,64,6.43,RU,1697729988
555,lappeenranta,61.0587,28.1887,275.26,70,20,7.2,FI,1697729989
556,auki,-8.7676,160.7034,297.92,90,100,1.23,SB,1697729990
557,belmonte,-15.8631,-38.8828,301.07,57,1,3.74,BR,1697729991
558,vilyuysk,63.7553,121.6247,263.81,96,40,1.79,RU,1697729992
559,touros,-5.1989,-35.4608,302.16,60,67,7.16,BR,1697729993
560,ron,15.6667,75.7333,300.38,40,22,4.3,IN,1697729995
561,tazacorte,28.629,-17.9293,299.69,86,20,3.13,ES,1697729995
562,mount isa,-20.7333,139.5,292.02,26,0,2.57,AU,1697729996
